qualifyId,raceId,driverId,constructorId,number,position,q1,q2,q3
1,18,1,1,22,1,1:26.572,1:25.187,1:26.714
2,18,9,2,4,2,1:26.103,1:25.315,1:26.869
3,18,5,1,23,3,1:25.664,1:25.452,1:27.079
4,18,13,6,2,4,1:25.994,1:25.691,1:27.178
5,18,2,2,3,5,1:25.960,1:25.518,1:27.236
6,18,15,7,11,6,1:26.427,1:26.101,1:28.527
7,18,3,3,7,7,1:26.295,1:26.059,1:28.687
8,18,14,9,9,8,1:26.381,1:26.063,1:29.041
9,18,10,7,12,9,1:26.919,1:26.164,1:29.593
10,18,20,5,15,10,1:26.702,1:25.842,NULL
11,18,22,11,17,11,1:26.369,1:26.173,NULL
12,18,4,4,5,12,1:26.907,1:26.188,NULL
13,18,18,11,16,13,1:26.712,1:26.259,NULL
14,18,6,3,8,14,1:26.891,1:26.413,NULL
15,18,17,9,10,15,1:26.914,NULL,NULL
16,18,8,6,1,16,1:26.140,NULL,NULL
17,18,21,10,21,17,1:27.207,NULL,NULL
18,18,7,5,14,18,1:27.446,NULL,NULL
19,18,16,10,20,19,1:27.859,NULL,NULL
20,18,11,8,18,20,1:28.208,NULL,NULL
21,18,12,4,6,21,1:28.330,NULL,NULL
22,18,19,8,19,22,1:29.059,NULL,NULL
23,19,13,6,2,1,1:35.347,1:34.412,1:35.748
24,19,8,6,1,2,1:35.645,1:34.188,1:36.230
25,19,5,1,23,3,1:35.227,1:34.759,1:36.613
26,19,1,1,22,4,1:35.392,1:34.627,1:36.709
27,19,15,7,11,5,1:35.205,1:34.960,1:36.711
28,19,9,2,4,6,1:35.794,1:34.811,1:36.727
29,19,2,2,3,7,1:35.729,1:34.648,1:36.753
30,19,17,9,10,8,1:35.440,1:34.967,1:37.009
31,19,4,4,5,9,1:35.983,1:35.140,1:38.450
32,19,10,7,12,10,1:35.891,1:35.000,1:39.656
33,19,18,11,16,11,1:35.847,1:35.208,NULL
34,19,14,9,9,12,1:36.058,1:35.408,NULL
35,19,12,4,6,13,1:36.074,1:35.562,NULL
36,19,22,11,17,14,1:36.198,1:35.622,NULL
37,19,20,5,15,15,1:36.111,1:35.648,NULL
38,19,3,3,7,16,1:35.843,1:35.670,NULL
39,19,21,10,21,17,1:36.240,NULL,NULL
40,19,6,3,8,18,1:36.388,NULL,NULL
41,19,7,5,14,19,1:36.677,NULL,NULL
42,19,11,8,18,20,1:37.087,NULL,NULL
43,19,16,10,20,21,1:37.101,NULL,NULL
44,19,19,8,19,22,1:37.481,NULL,NULL
45,20,9,2,4,1,1:32.893,1:31.745,1:33.096
46,20,13,6,2,2,1:31.937,1:31.188,1:33.123
47,20,1,1,22,3,1:32.750,1:31.922,1:33.292
48,20,8,6,1,4,1:32.652,1:31.933,1:33.418
49,20,5,1,23,5,1:33.057,1:31.718,1:33.488
50,20,2,2,3,6,1:33.137,1:31.909,1:33.737
51,20,15,7,11,7,1:32.493,1:32.159,1:33.994
52,20,3,3,7,8,1:32.903,1:32.185,1:34.015
53,20,18,11,16,9,1:32.793,1:32.362,1:35.057
54,20,4,4,5,10,1:32.947,1:32.345,1:35.115
55,20,17,9,10,11,1:33.194,1:32.371,NULL
56,20,22,11,17,12,1:32.944,1:32.508,NULL
57,20,10,7,12,13,1:32.800,1:32.528,NULL
58,20,12,4,6,14,1:32.975,1:32.790,NULL
59,20,7,5,14,15,1:33.415,1:32.915,NULL
60,20,6,3,8,16,1:33.386,1:32.943,NULL
61,20,14,9,9,17,1:33.433,NULL,NULL
62,20,21,10,21,18,1:33.501,NULL,NULL
63,20,20,5,15,19,1:33.562,NULL,NULL
64,20,16,10,20,20,1:33.845,NULL,NULL
65,20,19,8,19,21,1:34.140,NULL,NULL
66,20,11,8,18,22,1:35.725,NULL,NULL
67,21,8,6,1,1,1:20.701,1:20.784,1:21.813
68,21,4,4,5,2,1:21.347,1:20.804,1:21.904
69,21,13,6,2,3,1:21.528,1:20.584,1:22.058
70,21,9,2,4,4,1:21.423,1:20.597,1:22.065
71,21,1,1,22,5,1:21.366,1:20.825,1:22.096
72,21,5,1,23,6,1:21.430,1:20.817,1:22.231
73,21,17,9,10,7,1:21.494,1:20.984,1:22.429
74,21,15,7,11,8,1:21.158,1:20.907,1:22.529
75,21,2,2,3,9,1:21.466,1:20.815,1:22.542
76,21,12,4,6,10,1:21.409,1:20.894,1:22.699
77,21,22,11,17,11,1:21.548,1:21.049,NULL
78,21,6,3,8,12,1:21.690,1:21.117,NULL
79,21,18,11,16,13,1:21.757,1:21.211,NULL
80,21,10,7,12,14,1:21.427,1:21.230,NULL
81,21,3,3,7,15,1:21.472,1:21.349,NULL
82,21,7,5,14,16,1:21.540,1:21.724,NULL
83,21,14,9,9,17,1:21.810,NULL,NULL
84,21,20,5,15,18,1:22.108,NULL,NULL
85,21,21,10,21,19,1:22.516,NULL,NULL
86,21,16,10,20,20,1:23.224,NULL,NULL
87,21,19,8,19,21,1:23.318,NULL,NULL
88,21,11,8,18,22,1:23.496,NULL,NULL
89,22,13,6,2,1,1:25.994,1:26.192,1:27.617
90,22,5,1,23,2,1:26.736,1:26.290,1:27.808
91,22,1,1,22,3,1:26.192,1:26.477,1:27.923
92,22,8,6,1,4,1:26.457,1:26.050,1:27.936
93,22,9,2,4,5,1:26.761,1:26.129,1:28.390
94,22,17,9,10,6,1:26.773,1:26.466,1:28.417
95,22,4,4,5,7,1:26.836,1:26.522,1:28.422
96,22,15,7,11,8,1:26.695,1:26.822,1:28.836
97,22,2,2,3,9,1:27.107,1:27.607,1:28.882
98,22,14,9,9,10,1:26.939,1:26.520,1:29.959
99,22,3,3,7,11,1:27.367,1:27.012,NULL
100,22,22,11,17,12,1:27.355,1:27.219,NULL
101,22,18,11,16,13,1:27.428,1:27.298,NULL
102,22,20,5,15,14,1:27.442,1:27.412,NULL
103,22,10,7,12,15,1:26.614,1:27.806,NULL
104,22,6,3,8,16,1:27.547,NULL,NULL
105,22,12,4,6,17,1:27.568,NULL,NULL
106,22,7,5,14,18,1:27.621,NULL,NULL
107,22,21,10,21,19,1:27.807,NULL,NULL
108,22,16,10,20,20,1:28.325,NULL,NULL
109,23,13,6,2,1,1:15.190,1:15.110,1:15.787
110,23,8,6,1,2,1:15.717,1:15.404,1:15.815
111,23,1,1,22,3,1:15.582,1:15.322,1:15.839
112,23,5,1,23,4,1:15.295,1:15.389,1:16.165
113,23,9,2,4,5,1:15.977,1:15.483,1:16.171
114,23,3,3,7,6,1:15.935,1:15.287,1:16.548
115,23,4,4,5,7,1:16.646,1:15.827,1:16.852
116,23,15,7,11,8,1:16.306,1:15.598,1:17.203
117,23,17,9,10,9,1:16.074,1:15.745,1:17.343
118,23,14,9,9,10,1:16.086,1:15.839,NULL
119,23,10,7,12,11,1:16.285,1:15.907,NULL
120,23,18,11,16,12,1:16.259,1:16.101,NULL
121,23,2,2,3,13,1:16.650,1:16.455,NULL
122,23,6,3,8,14,1:16.756,1:16.479,NULL
123,23,22,11,17,15,1:16.208,1:16.537,NULL
124,23,7,5,14,16,1:16.806,NULL,NULL
125,23,12,4,6,17,1:16.933,NULL,NULL
126,23,20,5,15,18,1:16.955,NULL,NULL
127,23,16,10,20,19,1:17.225,NULL,NULL
128,23,21,10,21,20,1:17.823,NULL,NULL
129,24,1,1,22,1,1:16.909,1:17.034,1:17.886
130,24,9,2,4,2,1:17.471,1:17.679,1:18.498
131,24,8,6,1,3,1:17.301,1:17.364,1:18.735
132,24,4,4,5,4,1:17.415,1:17.488,1:18.746
133,24,3,3,7,5,1:17.991,1:17.891,1:18.844
134,24,13,6,2,6,1:17.231,1:17.353,1:19.048
135,24,5,1,23,7,1:17.287,1:17.684,1:19.089
136,24,2,2,3,8,1:18.082,1:17.781,1:19.633
137,24,22,11,17,9,1:18.256,1:18.020,1:20.848
138,24,17,9,10,10,1:17.582,1:17.523,NULL
139,24,10,7,12,11,1:18.321,1:18.031,NULL
140,24,6,3,8,12,1:17.638,1:18.062,NULL
141,24,14,9,9,13,1:18.168,1:18.238,NULL
142,24,15,7,11,14,1:18.039,1:18.327,NULL
143,24,12,4,6,15,1:18.505,1:18.393,NULL
144,24,7,5,14,16,1:18.916,NULL,NULL
145,24,16,10,20,17,1:19.108,NULL,NULL
146,24,21,10,21,18,1:19.165,NULL,NULL
147,24,18,11,16,19,1:23.565,NULL,NULL
148,24,20,5,15,20,NULL,NULL,NULL
149,25,8,6,1,1,1:15.133,1:15.161,1:16.449
150,25,13,6,2,2,1:15.024,1:15.041,1:16.490
151,25,1,1,22,3,1:15.634,1:15.293,1:16.693
152,25,4,4,5,4,1:15.754,1:15.483,1:16.840
153,25,15,7,11,5,1:15.521,1:15.362,1:16.920
154,25,5,1,23,6,1:15.965,1:15.639,1:16.944
155,25,9,2,4,7,1:15.687,1:15.723,1:17.037
156,25,17,9,10,8,1:16.020,1:15.488,1:17.233
157,25,14,9,9,9,1:15.802,1:15.654,1:17.426
158,25,10,7,12,10,1:15.727,1:15.558,1:17.596
159,25,12,4,6,11,1:15.848,1:15.770,NULL
160,25,2,2,3,12,1:16.006,1:15.786,NULL
161,25,20,5,15,13,1:15.918,1:15.816,NULL
162,25,7,5,14,14,1:16.072,1:16.045,NULL
163,25,3,3,7,15,1:16.085,1:16.235,NULL
164,25,6,3,8,16,1:16.243,NULL,NULL
165,25,18,11,16,17,1:16.306,NULL,NULL
166,25,22,11,17,18,1:16.330,NULL,NULL
167,25,21,10,21,19,1:16.971,NULL,NULL
168,25,16,10,20,20,1:17.053,NULL,NULL
169,26,5,1,23,1,1:19.957,1:19.597,1:21.049
170,26,17,9,10,2,1:20.982,1:19.710,1:21.554
171,26,8,6,1,3,1:20.370,1:19.971,1:21.706
172,26,1,1,22,4,1:20.288,1:19.537,1:21.835
173,26,2,2,3,5,1:21.022,1:19.802,1:21.873
174,26,4,4,5,6,1:20.998,1:19.992,1:22.029
175,26,12,4,6,7,1:20.818,1:20.115,1:22.491
176,26,20,5,15,8,1:20.318,1:20.109,1:23.251
177,26,13,6,2,9,1:20.676,1:20.086,1:23.305
178,26,9,2,4,10,1:20.444,1:19.788,NULL
179,26,14,9,9,11,1:21.224,1:20.174,NULL
180,26,10,7,12,12,1:20.893,1:20.274,NULL
181,26,7,5,14,13,1:20.584,1:20.531,NULL
182,26,15,7,11,14,1:21.145,1:20.601,NULL
183,26,6,3,8,15,1:21.407,1:21.112,NULL
184,26,22,11,17,16,1:21.512,NULL,NULL
185,26,18,11,16,17,1:21.631,NULL,NULL
186,26,3,3,7,18,1:21.668,NULL,NULL
187,26,16,10,20,19,1:21.786,NULL,NULL
188,26,21,10,21,20,1:21.885,NULL,NULL
189,27,1,1,22,1,1:15.218,1:14.603,1:15.666
190,27,13,6,2,2,1:14.921,1:14.747,1:15.859
191,27,5,1,23,3,1:15.476,1:14.855,1:16.143
192,27,15,7,11,4,1:15.560,1:15.122,1:16.191
193,27,4,4,5,5,1:15.917,1:14.943,1:16.385
194,27,8,6,1,6,1:15.201,1:14.949,1:16.389
195,27,9,2,4,7,1:15.985,1:15.109,1:16.521
196,27,17,9,10,8,1:15.900,1:15.481,1:17.014
197,27,20,5,15,9,1:15.532,1:15.420,1:17.244
198,27,14,9,9,10,1:15.975,1:15.338,1:17.503
199,27,10,7,12,11,1:15.560,1:15.508,NULL
200,27,2,2,3,12,1:15.596,1:15.581,NULL
201,27,3,3,7,13,1:15.863,1:15.633,NULL
202,27,18,11,16,14,1:15.993,1:15.701,NULL
203,27,7,5,14,15,1:15.927,1:15.858,NULL
204,27,6,3,8,16,1:16.083,NULL,NULL
205,27,12,4,6,17,1:16.189,NULL,NULL
206,27,22,11,17,18,1:16.246,NULL,NULL
207,27,16,10,20,19,1:16.657,NULL,NULL
208,27,21,10,21,20,1:16.963,NULL,NULL
209,28,1,1,22,1,1:19.376,1:19.473,1:20.899
210,28,5,1,23,2,1:19.945,1:19.480,1:21.140
211,28,13,6,2,3,1:19.578,1:19.068,1:21.191
212,28,9,2,4,4,1:20.053,1:19.776,1:21.281
213,28,10,7,12,5,1:19.980,1:19.246,1:21.326
214,28,8,6,1,6,1:20.006,1:19.546,1:21.516
215,28,4,4,5,7,1:20.229,1:19.816,1:21.698
216,28,17,9,10,8,1:20.073,1:20.046,1:21.732
217,28,15,7,11,9,1:19.942,1:19.486,1:21.767
218,28,12,4,6,10,1:20.583,1:20.131,1:22.371
219,28,20,5,15,11,1:20.157,1:20.144,NULL
220,28,18,11,16,12,1:20.888,1:20.332,NULL
221,28,14,9,9,13,1:20.505,1:20.502,NULL
222,28,7,5,14,14,1:20.640,1:20.963,NULL
223,28,3,3,7,15,1:20.748,NULL,NULL
224,28,2,2,3,16,1:21.045,NULL,NULL
225,28,6,3,8,17,1:21.085,NULL,NULL
226,28,22,11,17,18,1:21.332,NULL,NULL
227,28,21,10,21,19,1:21.670,NULL,NULL
228,28,16,10,20,20,1:22.113,NULL,NULL
229,29,13,6,2,1,1:38.176,1:37.859,1:38.989
230,29,1,1,22,2,1:38.464,1:37.954,1:39.199
231,29,9,2,4,3,1:38.347,1:38.050,1:39.392
232,29,8,6,1,4,1:38.703,1:38.229,1:39.488
233,29,5,1,23,5,1:38.656,1:38.120,1:39.937
234,29,20,5,15,6,1:38.141,1:37.842,1:40.142
235,29,15,7,11,7,1:37.948,1:37.928,1:40.309
236,29,2,2,3,8,1:38.738,1:37.859,1:40.631
237,29,3,3,7,9,1:38.595,1:38.336,1:40.721
238,29,7,5,14,10,1:38.622,1:38.417,1:40.750
239,29,6,3,8,11,1:38.667,1:38.428,NULL
240,29,4,4,5,12,1:38.268,1:38.435,NULL
241,29,10,7,12,13,1:38.532,1:38.499,NULL
242,29,17,9,10,14,1:38.559,1:38.515,NULL
243,29,12,4,6,15,1:38.787,1:38.744,NULL
244,29,18,11,16,16,1:38.880,NULL,NULL
245,29,14,9,9,17,1:39.235,NULL,NULL
246,29,21,10,21,18,1:39.268,NULL,NULL
247,29,22,11,17,19,1:39.811,NULL,NULL
248,29,16,10,20,20,1:39.943,NULL,NULL
249,30,1,1,22,1,1:46.887,1:46.088,1:47.338
250,30,13,6,2,2,1:46.873,1:46.391,1:47.678
251,30,5,1,23,3,1:46.812,1:46.037,1:47.815
252,30,8,6,1,4,1:46.960,1:46.298,1:47.992
253,30,2,2,3,5,1:47.419,1:46.311,1:48.315
254,30,4,4,5,6,1:47.154,1:46.491,1:48.504
255,30,17,9,10,7,1:47.270,1:46.814,1:48.736
256,30,9,2,4,8,1:47.093,1:46.494,1:48.763
257,30,7,5,14,9,1:46.777,1:46.544,1:48.951
258,30,20,5,15,10,1:47.152,1:46.804,1:50.319
259,30,15,7,11,11,1:47.400,1:46.949,NULL
260,30,12,4,6,12,1:47.052,1:46.965,NULL
261,30,10,7,12,13,1:47.359,1:46.995,NULL
262,30,14,9,9,14,1:47.132,1:47.018,NULL
263,30,3,3,7,15,1:47.503,1:47.429,NULL
264,30,22,11,17,16,1:48.153,NULL,NULL
265,30,18,11,16,17,1:48.211,NULL,NULL
266,30,16,10,20,18,1:48.226,NULL,NULL
267,30,6,3,8,19,1:48.268,NULL,NULL
268,30,21,10,21,20,1:48.447,NULL,NULL
269,31,20,5,15,1,1:35.464,1:35.837,1:37.555
270,31,5,1,23,2,1:35.214,1:35.843,1:37.631
271,31,17,9,10,3,1:36.001,1:36.306,1:38.117
272,31,7,5,14,4,1:35.543,1:36.175,1:38.445
273,31,3,3,7,5,1:35.485,1:35.898,1:38.767
274,31,13,6,2,6,1:35.536,1:36.676,1:38.894
275,31,15,7,11,7,1:35.906,1:36.008,1:39.152
276,31,4,4,5,8,1:36.297,1:36.518,1:39.751
277,31,10,7,12,9,1:35.737,1:36.525,1:39.787
278,31,2,2,3,10,1:35.709,1:36.626,1:39.906
279,31,9,2,4,11,1:35.553,1:36.697,NULL
280,31,21,10,21,12,1:36.280,1:36.698,NULL
281,31,14,9,9,13,1:36.485,1:37.284,NULL
282,31,8,6,1,14,1:35.965,1:37.522,NULL
283,31,1,1,22,15,1:35.394,1:39.265,NULL
284,31,22,11,17,16,1:36.510,NULL,NULL
285,31,12,4,6,17,1:36.630,NULL,NULL
286,31,6,3,8,18,1:36.653,NULL,NULL
287,31,18,11,16,19,1:37.006,NULL,NULL
288,31,16,10,20,20,1:37.417,NULL,NULL
289,32,13,6,2,1,1:44.519,1:44.014,1:44.801
290,32,1,1,22,2,1:44.501,1:44.932,1:45.465
291,32,8,6,1,3,1:44.282,1:44.232,1:45.617
292,32,9,2,4,4,1:44.740,1:44.519,1:45.779
293,32,5,1,23,5,1:44.311,1:44.207,1:45.873
294,32,2,2,3,6,1:45.548,1:44.520,1:45.964
295,32,20,5,15,7,1:45.042,1:44.261,1:46.244
296,32,10,7,12,8,1:45.184,1:44.441,1:46.328
297,32,3,3,7,9,1:45.103,1:44.429,1:46.611
298,32,6,3,8,10,1:45.127,1:44.826,1:47.547
299,32,15,7,11,11,1:45.642,1:45.038,NULL
300,32,18,11,16,12,1:45.660,1:45.133,NULL
301,32,17,9,10,13,1:45.493,1:45.212,NULL
302,32,14,9,9,14,1:46.028,1:45.298,NULL
303,32,4,4,5,15,1:44.971,NULL,NULL
304,32,12,4,6,16,1:46.037,NULL,NULL
305,32,7,5,14,17,1:46.389,NULL,NULL
306,32,22,11,17,18,1:46.583,NULL,NULL
307,32,16,10,20,19,1:47.940,NULL,NULL
308,32,21,10,21,20,NULL,NULL,NULL
309,33,1,1,22,1,1:18.071,1:17.462,1:18.404
310,33,8,6,1,2,1:18.160,1:17.733,1:18.644
311,33,5,1,23,3,1:18.220,1:17.360,1:18.821
312,33,4,4,5,4,1:18.290,1:17.871,1:18.852
313,33,13,6,2,5,1:18.110,1:17.287,1:18.874
314,33,9,2,4,6,1:18.684,1:17.931,1:18.979
315,33,15,7,11,7,1:18.501,1:17.541,1:19.026
316,33,10,7,12,8,1:17.945,1:17.670,1:19.118
317,33,20,5,15,9,1:18.559,1:17.714,1:19.638
318,33,7,5,14,10,1:18.593,1:18.102,1:20.167
319,33,14,9,9,11,1:18.303,1:18.187,NULL
320,33,12,4,6,12,1:18.300,1:18.274,NULL
321,33,17,9,10,13,1:18.372,1:18.354,NULL
322,33,6,3,8,14,1:18.640,1:18.594,NULL
323,33,3,3,7,15,1:18.740,1:18.672,NULL
324,33,2,2,3,16,1:18.835,NULL,NULL
325,33,22,11,17,17,1:18.882,NULL,NULL
326,33,18,11,16,18,1:19.100,NULL,NULL
327,33,16,10,20,19,1:19.163,NULL,NULL
328,33,21,10,21,20,1:19.910,NULL,NULL
329,34,1,1,22,1,1:35.566,1:34.947,1:36.303
330,34,8,6,1,2,1:35.983,1:35.355,1:36.645
331,34,13,6,2,3,1:35.971,1:35.135,1:36.889
332,34,4,4,5,4,1:35.769,1:35.461,1:36.927
333,34,5,1,23,5,1:35.623,1:35.216,1:36.930
334,34,17,9,10,6,1:36.238,1:35.686,1:37.083
335,34,2,2,3,7,1:36.224,1:35.403,1:37.201
336,34,20,5,15,8,1:35.752,1:35.386,1:37.685
337,34,15,7,11,9,1:36.104,1:35.715,1:37.934
338,34,7,5,14,10,1:36.239,1:35.478,1:38.885
339,34,12,4,6,11,1:36.029,1:35.722,NULL
340,34,9,2,4,12,1:36.503,1:35.814,NULL
341,34,10,7,12,13,1:36.210,1:35.937,NULL
342,34,22,11,17,14,1:36.640,1:36.079,NULL
343,34,3,3,7,15,1:36.434,1:36.210,NULL
344,34,14,9,9,16,1:36.731,NULL,NULL
345,34,6,3,8,17,1:36.863,NULL,NULL
346,34,18,11,16,18,1:37.053,NULL,NULL
347,34,16,10,20,19,1:37.730,NULL,NULL
348,34,21,10,21,20,1:37.739,NULL,NULL
349,35,13,6,2,1,1:11.830,1:11.875,1:12.368
350,35,15,7,11,2,1:12.226,1:12.107,1:12.737
351,35,8,6,1,3,1:12.083,1:11.950,1:12.825
352,35,1,1,22,4,1:12.213,1:11.856,1:12.830
353,35,5,1,23,5,1:12.366,1:11.768,1:12.917
354,35,4,4,5,6,1:12.214,1:12.090,1:12.967
355,35,20,5,15,7,1:12.390,1:11.845,1:13.082
356,35,2,2,3,8,1:12.371,1:12.026,1:13.297
357,35,7,5,14,9,1:12.498,1:12.075,1:14.105
358,35,10,7,12,10,1:12.223,1:11.909,1:14.230
359,35,12,4,6,11,1:12.348,1:12.137,NULL
360,35,17,9,10,12,1:12.409,1:12.289,NULL
361,35,9,2,4,13,1:12.381,1:12.300,NULL
362,35,14,9,9,14,1:12.690,1:12.717,NULL
363,35,22,11,17,15,1:12.548,1:13.139,NULL
364,35,6,3,8,16,1:12.800,NULL,NULL
365,35,18,11,16,17,1:12.810,NULL,NULL
366,35,3,3,7,18,1:13.002,NULL,NULL
367,35,21,10,21,19,1:13.426,NULL,NULL
368,35,16,10,20,20,1:13.508,NULL,NULL
369,36,8,6,6,1,1:26.644,1:25.644,1:26.072
370,36,4,1,1,2,1:26.697,1:25.326,1:26.493
371,36,2,2,9,3,1:26.895,1:25.358,1:26.556
372,36,1,1,2,4,1:26.674,1:25.577,1:26.755
373,36,9,2,10,5,1:26.696,1:25.882,1:27.347
374,36,21,4,3,6,1:27.270,1:25.944,1:27.634
375,36,17,9,15,7,1:26.978,1:26.623,1:27.934
376,36,15,7,12,8,1:27.014,1:26.688,1:28.404
377,36,23,7,11,9,1:27.328,1:26.739,1:28.692
378,36,11,8,22,10,1:27.365,1:26.758,1:28.871
379,36,19,8,23,11,1:26.986,1:26.909,NULL
380,36,3,3,16,12,1:27.596,1:26.914,NULL
381,36,5,4,4,13,1:27.529,1:26.964,NULL
382,36,18,11,7,14,1:27.540,1:27.264,NULL
383,36,25,3,17,15,1:27.479,1:27.393,NULL
384,36,13,6,5,16,1:26.712,NULL,NULL
385,36,22,11,8,17,1:27.679,NULL,NULL
386,36,26,5,19,18,1:28.305,NULL,NULL
387,36,14,9,14,19,1:28.579,NULL,NULL
388,36,24,5,18,20,1:29.267,NULL,NULL
389,36,16,12,20,21,1:29.339,NULL,NULL
390,36,27,12,21,22,1:31.932,NULL,NULL
391,37,13,6,5,1,1:35.340,1:34.454,1:35.043
392,37,4,1,1,2,1:34.942,1:34.057,1:35.310
393,37,8,6,6,3,1:35.138,1:34.687,1:35.479
394,37,1,1,2,4,1:35.028,1:34.650,1:36.045
395,37,2,2,9,5,1:35.617,1:35.203,1:36.543
396,37,3,3,16,6,1:35.755,1:35.380,1:36.829
397,37,9,2,10,7,1:35.294,1:34.739,1:36.839
398,37,15,7,12,8,1:35.666,1:35.255,1:36.902
399,37,23,7,11,9,1:35.736,1:35.595,1:37.078
400,37,17,9,15,10,1:35.727,1:35.579,1:37.345
401,37,5,4,4,11,1:36.092,1:35.630,NULL
402,37,21,4,3,12,1:35.879,1:35.706,NULL
403,37,14,9,14,13,1:35.730,1:35.766,NULL
404,37,11,8,22,14,1:36.430,1:35.945,NULL
405,37,18,11,7,15,1:35.913,1:36.088,NULL
406,37,24,5,18,16,1:36.140,1:36.145,NULL
407,37,26,5,19,17,1:36.578,NULL,NULL
408,37,19,8,23,18,1:36.816,NULL,NULL
409,37,22,11,8,19,1:36.827,NULL,NULL
410,37,25,3,17,20,1:37.326,NULL,NULL
411,37,27,12,21,21,1:38.279,NULL,NULL
412,37,16,12,20,22,1:38.415,NULL,NULL
413,38,13,6,5,1,1:32.443,1:31.359,1:32.652
414,38,1,1,2,2,1:32.580,1:31.752,1:32.935
415,38,8,6,6,3,1:33.161,1:31.812,1:33.131
416,38,4,1,1,4,1:33.049,1:32.214,1:33.192
417,38,2,2,9,5,1:33.164,1:32.154,1:33.404
418,38,9,2,10,6,1:33.348,1:32.292,1:33.710
419,38,21,4,3,7,1:33.556,1:32.889,1:34.056
420,38,17,9,15,8,1:33.496,1:32.808,1:34.106
421,38,15,7,12,9,1:33.218,1:32.429,1:34.154
422,38,3,3,16,10,1:33.349,1:32.815,1:34.399
423,38,25,3,17,11,1:33.759,1:32.915,NULL
424,38,5,4,4,12,1:33.467,1:32.935,NULL
425,38,19,8,23,13,1:33.299,1:33.082,NULL
426,38,23,7,11,14,1:33.923,1:33.294,NULL
427,38,22,11,8,15,1:33.776,1:33.624,NULL
428,38,18,11,7,16,1:33.967,1:33.731,NULL
429,38,11,8,22,17,1:33.984,NULL,NULL
430,38,24,5,18,18,1:34.024,NULL,NULL
431,38,26,5,19,19,1:34.333,NULL,NULL
432,38,16,12,20,20,1:35.280,NULL,NULL
433,38,14,9,14,21,1:35.341,NULL,NULL
434,38,27,12,12,22,1:35.533,NULL,NULL
435,39,13,6,5,1,1:21.375,1:20.597,1:21.421
436,39,4,1,1,2,1:21.609,1:20.797,1:21.451
437,39,8,6,6,3,1:21.802,1:20.741,1:21.723
438,39,1,1,2,4,1:21.120,1:20.713,1:21.785
439,39,9,2,10,5,1:21.941,1:21.381,1:22.253
440,39,15,7,12,6,1:22.501,1:21.554,1:22.324
441,39,2,2,9,7,1:21.625,1:21.113,1:22.389
442,39,5,4,4,8,1:21.790,1:21.623,1:22.568
443,39,14,9,14,9,1:22.491,1:21.488,1:22.749
444,39,21,4,3,10,1:22.064,1:21.677,1:22.881
445,39,3,3,16,11,1:21.943,1:21.968,NULL
446,39,22,11,8,12,1:22.502,1:22.097,NULL
447,39,11,8,22,13,1:22.090,1:22.115,NULL
448,39,18,11,7,14,1:22.503,1:22.120,NULL
449,39,19,8,23,15,1:22.295,NULL,NULL
450,39,24,5,18,16,1:22.508,NULL,NULL
451,39,23,7,11,17,1:22.666,NULL,NULL
452,39,25,3,17,18,1:22.769,NULL,NULL
453,39,17,9,15,19,1:23.398,NULL,NULL
454,39,16,12,20,20,1:23.811,NULL,NULL
455,39,27,12,21,21,1:23.990,NULL,NULL
456,39,26,5,19,22,NULL,NULL,NULL
457,40,4,1,1,1,1:16.059,1:15.431,1:15.726
458,40,1,1,2,2,1:15.685,1:15.479,1:15.905
459,40,13,6,5,3,1:16.786,1:16.034,1:15.967
460,40,21,4,3,4,1:17.596,1:16.054,1:16.285
461,40,3,3,16,5,1:16.870,1:16.100,1:16.439
462,40,17,9,15,6,1:17.816,1:16.420,1:16.784
463,40,2,2,9,7,1:17.385,1:15.733,1:16.832
464,40,9,2,10,8,1:17.584,1:15.576,1:16.955
465,40,22,11,8,9,1:17.244,1:16.454,1:17.498
466,40,18,11,7,10,1:17.297,1:16.457,1:17.939
467,40,25,3,17,11,1:17.874,1:16.662,NULL
468,40,24,5,18,12,1:16.720,1:16.703,NULL
469,40,14,9,14,13,1:17.204,1:16.319,NULL
470,40,15,7,12,14,1:17.686,1:16.988,NULL
471,40,5,4,4,15,1:17.836,1:17.125,NULL
472,40,8,6,6,16,1:16.251,NULL,NULL
473,40,19,8,23,17,1:18.250,NULL,NULL
474,40,26,5,19,18,1:18.390,NULL,NULL
475,40,16,12,20,19,1:18.418,NULL,NULL
476,40,23,7,11,20,1:18.539,NULL,NULL
477,40,11,8,22,21,1:18.554,NULL,NULL
478,40,27,12,21,22,NULL,NULL,NULL
479,41,1,1,2,1,1:16.576,1:15.486,1:15.707
480,41,4,1,1,2,1:16.562,1:15.522,1:16.163
481,41,2,2,9,3,1:17.006,1:15.960,1:16.266
482,41,8,6,6,4,1:16.468,1:16.592,1:16.411
483,41,13,6,5,5,1:16.756,1:16.138,1:16.570
484,41,17,9,15,6,1:17.315,1:16.257,1:16.913
485,41,3,3,16,7,1:17.016,1:16.190,1:16.919
486,41,9,2,10,8,1:17.267,1:16.368,1:16.993
487,41,21,4,3,9,1:16.805,1:16.288,1:17.229
488,41,15,7,12,10,1:17.324,1:16.600,1:17.747
489,41,11,8,22,11,1:17.490,1:16.743,NULL
490,41,24,5,18,12,1:17.541,1:16.760,NULL
491,41,22,11,8,13,1:17.011,1:17.116,NULL
492,41,14,9,14,14,1:17.436,1:17.304,NULL
493,41,18,11,7,15,1:17.522,1:17.541,NULL
494,41,26,5,19,16,1:17.433,1:17.571,NULL
495,41,19,8,23,17,1:17.542,NULL,NULL
496,41,23,7,11,18,1:17.634,NULL,NULL
497,41,25,3,17,19,1:18.089,NULL,NULL
498,41,16,12,20,20,1:18.536,NULL,NULL
499,41,27,12,21,21,1:19.196,NULL,NULL
500,41,5,4,4,22,1:17.806,NULL,NULL
501,42,1,1,2,1,1:12.563,1:12.065,1:12.331
502,42,4,1,1,2,1:12.416,1:11.926,1:12.500
503,42,13,6,5,3,1:12.731,1:12.180,1:12.703
504,42,8,6,6,4,1:12.732,1:12.111,1:12.839
505,42,2,2,9,5,1:12.543,1:12.188,1:12.847
506,42,5,4,4,6,1:12.998,1:12.599,1:13.308
507,42,20,2,10,7,1:12.711,1:12.644,1:13.513
508,42,15,7,12,8,1:13.186,1:12.828,1:13.789
509,42,17,9,15,9,1:13.425,1:12.788,1:13.871
510,42,21,4,3,10,1:13.168,1:12.603,1:13.953
511,42,14,9,14,11,1:13.424,1:12.873,NULL
512,42,23,7,11,12,1:12.851,1:12.920,NULL
513,42,18,11,7,13,1:13.306,1:12.998,NULL
514,42,3,3,16,14,1:13.128,1:13.060,NULL
515,42,22,11,8,15,1:13.203,1:13.201,NULL
516,42,19,8,23,16,1:13.164,1:13.259,NULL
517,42,25,3,17,17,1:13.441,NULL,NULL
518,42,11,8,22,18,1:13.477,NULL,NULL
519,42,24,5,18,19,1:13.484,NULL,NULL
520,42,26,5,19,20,1:13.712,NULL,NULL
521,42,16,12,20,21,1:14.122,NULL,NULL
522,42,27,12,21,22,1:14.597,NULL,NULL
523,43,13,6,5,1,1:15.303,1:14.822,1:15.034
524,43,1,1,2,2,1:14.805,1:14.795,1:15.104
525,43,8,6,6,3,1:14.872,1:14.828,1:15.257
526,43,9,2,10,4,1:15.778,1:15.066,1:15.493
527,43,21,4,3,5,1:16.047,1:15.227,1:15.674
528,43,5,4,4,6,1:15.524,1:15.272,1:15.826
529,43,2,2,9,7,1:15.783,1:15.149,1:15.900
530,43,15,7,12,8,1:16.118,1:15.379,1:15.935
531,43,3,3,16,9,1:16.092,1:15.331,1:16.328
532,43,4,1,1,10,1:15.322,1:15.084,NULL
533,43,23,7,11,11,1:15.760,1:15.534,NULL
534,43,18,11,7,12,1:16.113,1:15.584,NULL
535,43,22,11,8,13,1:16.140,1:15.761,NULL
536,43,17,9,15,14,1:15.746,1:15.806,NULL
537,43,26,5,19,15,1:15.980,1:16.049,NULL
538,43,14,9,14,16,1:15.915,NULL,NULL
539,43,24,5,18,17,1:16.142,NULL,NULL
540,43,25,3,17,18,1:16.241,NULL,NULL
541,43,19,8,23,19,1:16.366,NULL,NULL
542,43,27,12,21,20,1:17.826,NULL,NULL
543,43,16,12,20,21,1:17.915,NULL,NULL
544,43,11,8,22,22,1:16.244,NULL,NULL
545,44,1,1,2,1,1:19.885,1:19.400,1:19.997
546,44,8,6,6,2,1:19.753,1:19.252,1:20.099
547,44,4,1,1,3,1:19.330,1:19.152,1:20.147
548,44,13,6,5,4,1:19.790,1:19.421,1:20.265
549,44,9,2,10,5,1:20.294,1:20.054,1:20.401
550,44,23,7,11,6,1:20.513,1:19.860,1:20.516
551,44,5,4,4,7,1:20.570,1:20.077,1:20.721
552,44,21,4,3,8,1:20.842,1:20.042,1:20.775
553,44,2,2,9,9,1:20.534,1:20.178,1:20.894
554,44,15,7,12,10,1:21.150,1:20.133,1:21.240
555,44,17,9,15,11,1:20.583,1:20.235,NULL
556,44,14,9,14,12,1:21.154,1:20.329,NULL
557,44,25,3,17,13,1:20.830,1:20.350,NULL
558,44,22,11,8,14,1:21.169,1:20.364,NULL
559,44,26,5,19,15,1:20.834,1:20.515,NULL
560,44,24,5,18,16,1:21.160,1:20.823,NULL
561,44,3,3,16,17,1:21.219,NULL,NULL
562,44,18,11,7,18,1:21.335,NULL,NULL
563,44,19,8,23,19,1:21.448,NULL,NULL
564,44,16,12,20,20,1:22.019,NULL,NULL
565,44,11,8,22,21,1:22.045,NULL,NULL
566,44,27,12,21,22,1:22.586,NULL,NULL
567,45,8,6,6,1,1:31.522,1:31.237,1:31.450
568,45,4,1,1,2,1:31.074,1:30.983,1:31.741
569,45,13,6,5,3,1:31.447,1:30.912,1:31.778
570,45,2,2,9,4,1:31.889,1:31.652,1:31.840
571,45,9,2,10,5,1:31.961,1:31.444,1:32.123
572,45,17,9,15,6,1:32.629,1:31.661,1:32.476
573,45,5,4,4,7,1:32.594,1:31.783,1:32.478
574,45,15,7,12,8,1:32.381,1:31.859,1:32.501
575,45,23,7,11,9,1:32.446,1:31.843,1:32.570
576,45,1,1,2,10,1:31.587,1:31.185,1:33.833
577,45,3,3,16,11,1:32.117,1:31.978,NULL
578,45,25,3,17,12,1:32.173,1:31.996,NULL
579,45,21,4,3,13,1:32.378,1:32.010,NULL
580,45,22,11,8,14,1:32.674,1:32.221,NULL
581,45,19,8,23,15,1:32.793,1:32.451,NULL
582,45,11,8,22,16,1:32.678,1:32.838,NULL
583,45,18,11,7,17,1:32.983,NULL,NULL
584,45,26,5,19,18,1:33.038,NULL,NULL
585,45,24,5,18,19,1:33.148,NULL,NULL
586,45,14,9,14,20,1:33.151,NULL,NULL
587,45,16,12,20,21,1:34.500,NULL,NULL
588,45,28,12,21,22,1:35.940,NULL,NULL
589,46,4,1,1,1,1:20.425,1:19.661,1:19.674
590,46,1,1,2,2,1:19.570,1:19.301,1:19.781
591,46,2,2,9,3,1:20.751,1:20.322,1:20.259
592,46,8,6,6,4,1:20.435,1:20.107,1:20.410
593,46,3,3,16,5,1:20.547,1:20.188,1:20.632
594,46,23,7,11,6,1:20.449,1:20.455,1:20.714
595,46,9,2,10,7,1:20.366,1:20.703,1:20.876
596,46,21,4,3,8,1:21.645,1:20.590,1:21.079
597,46,15,7,12,9,1:20.481,1:19.951,1:21.206
598,46,17,9,15,10,1:20.794,1:20.439,1:21.256
599,46,14,9,14,11,1:21.291,1:20.718,NULL
600,46,5,4,4,12,1:20.285,1:20.779,NULL
601,46,25,3,17,13,1:21.243,1:20.865,NULL
602,46,13,6,5,14,1:20.408,1:21.021,NULL
603,46,19,8,23,15,1:21.018,1:21.127,NULL
604,46,24,5,18,16,1:21.730,1:21.993,NULL
605,46,18,11,7,17,1:21.737,NULL,NULL
606,46,22,11,8,18,1:21.877,NULL,NULL
607,46,11,8,22,19,1:22.143,NULL,NULL
608,46,20,5,19,20,1:22.177,NULL,NULL
609,46,16,12,20,21,1:22.737,NULL,NULL
610,46,29,12,21,22,1:23.774,NULL,NULL
611,47,13,6,5,1,1:27.488,1:27.039,1:27.329
612,47,1,1,2,2,1:27.513,1:26.936,1:27.373
613,47,8,6,6,3,1:27.294,1:26.902,1:27.546
614,47,4,1,1,4,1:27.328,1:26.841,1:27.574
615,47,9,2,10,5,1:27.997,1:27.253,1:27.722
616,47,2,2,9,6,1:28.099,1:27.253,1:28.037
617,47,5,4,4,7,1:28.127,1:27.039,1:28.491
618,47,3,3,16,8,1:28.275,1:27.750,1:28.501
619,47,15,7,12,9,1:28.318,1:27.801,1:28.740
620,47,21,4,3,10,1:28.313,1:27.880,1:29.322
621,47,19,8,23,11,1:28.304,1:28.002,NULL
622,47,17,9,15,12,1:28.500,1:28.013,NULL
623,47,14,9,14,13,1:28.395,1:28.100,NULL
624,47,25,3,17,14,1:28.360,1:28.390,NULL
625,47,24,5,18,15,1:28.798,NULL,NULL
626,47,23,7,11,16,1:28.809,NULL,NULL
627,47,11,8,22,17,1:28.953,NULL,NULL
628,47,20,5,19,18,1:29.408,NULL,NULL
629,47,16,12,20,19,1:29.861,NULL,NULL
630,47,29,12,21,20,1:31.479,NULL,NULL
631,47,18,11,7,21,1:28.373,1:28.220,NULL
632,47,22,11,8,22,1:28.792,1:28.188,NULL
633,48,4,1,1,1,1:21.718,1:21.356,1:21.997
634,48,1,1,2,2,1:21.956,1:21.746,1:22.034
635,48,13,6,5,3,1:22.309,1:21.993,1:22.549
636,48,2,2,9,4,1:23.107,1:22.466,1:23.174
637,48,8,6,6,5,1:22.673,1:22.369,1:23.183
638,48,9,2,10,6,1:23.088,1:22.400,1:23.446
639,48,5,4,4,7,1:23.505,1:23.134,1:24.102
640,48,3,3,16,8,1:23.333,1:22.748,1:24.382
641,48,15,7,12,9,1:23.724,1:23.107,1:24.555
642,48,18,11,7,10,1:23.639,1:23.021,1:25.165
643,48,17,9,15,11,1:23.575,1:23.166,NULL
644,48,22,11,8,12,1:23.474,1:23.176,NULL
645,48,25,3,17,13,1:23.739,1:23.209,NULL
646,48,19,8,23,14,1:23.646,1:23.274,NULL
647,48,21,4,3,15,1:23.559,1:23.325,NULL
648,48,20,5,19,16,1:23.578,1:23.351,NULL
649,48,11,8,22,17,1:23.749,NULL,NULL
650,48,23,7,11,18,1:23.787,NULL,NULL
651,48,24,5,18,19,1:23.886,NULL,NULL
652,48,14,9,14,20,1:24.019,NULL,NULL
653,48,16,12,20,21,1:24.699,NULL,NULL
654,48,29,12,21,22,1:25.084,NULL,NULL
655,49,8,6,6,1,1:46.242,1:45.070,1:45.994
656,49,13,6,5,2,1:46.060,1:45.173,1:46.011
657,49,4,1,1,3,1:46.058,1:45.442,1:46.091
658,49,1,1,2,4,1:46.437,1:45.132,1:46.406
659,49,3,3,16,5,1:46.950,1:46.469,1:47.334
660,49,2,2,9,6,1:46.923,1:45.994,1:47.409
661,49,17,9,15,7,1:47.084,1:46.426,1:47.524
662,49,15,7,12,8,1:47.143,1:46.480,1:47.798
663,49,5,4,4,9,1:46.971,1:46.240,1:48.505
664,49,23,7,11,10,1:47.300,1:46.618,NULL
665,49,14,9,14,11,1:47.340,1:46.800,NULL
666,49,18,11,7,12,1:47.474,1:46.955,NULL
667,49,24,5,18,13,1:47.576,1:47.115,NULL
668,49,9,2,10,14,1:46.707,1:45.885,1:46.996
669,49,25,3,17,15,1:47.522,1:47.394,NULL
670,49,20,5,19,16,1:47.581,NULL,NULL
671,49,22,11,8,17,1:47.954,NULL,NULL
672,49,11,8,22,18,1:47.980,NULL,NULL
673,49,16,12,20,19,1:48.044,NULL,NULL
674,49,19,8,23,20,1:48.199,NULL,NULL
675,49,29,12,21,21,1:49.557,NULL,NULL
676,49,21,4,3,22,1:47.143,1:46.603,NULL
677,50,1,1,2,1,1:25.489,1:24.753,1:25.368
678,50,4,1,1,2,1:25.379,1:24.806,1:25.438
679,50,8,6,6,3,1:25.390,1:24.988,1:25.516
680,50,13,6,5,4,1:25.359,1:25.049,1:25.765
681,50,2,2,9,5,1:25.971,1:25.248,1:26.505
682,50,18,11,7,6,1:26.614,1:25.454,1:26.913
683,50,17,9,15,7,1:25.970,1:25.535,1:26.914
684,50,20,5,19,8,1:26.025,1:25.909,1:26.973
685,50,9,2,10,9,1:26.300,1:25.530,1:27.225
686,50,21,4,3,10,1:26.909,1:26.033,NULL
687,50,5,4,4,11,1:27.223,1:26.232,NULL
688,50,14,9,14,12,1:26.904,1:26.247,NULL
689,50,15,7,12,13,1:26.711,1:26.253,NULL
690,50,24,5,18,14,1:27.234,1:26.948,NULL
691,50,23,7,11,15,1:27.191,NULL,NULL
692,50,3,3,16,16,1:26.579,1:25.816,1:26.728
693,50,22,11,8,17,1:27.323,NULL,NULL
694,50,25,3,17,18,1:27.454,NULL,NULL
695,50,19,8,23,19,1:27.564,NULL,NULL
696,50,16,12,20,20,1:28.628,NULL,NULL
697,50,11,8,22,21,1:28.762,NULL,NULL
698,50,29,12,21,22,1:29.668,NULL,NULL
699,51,1,1,2,1,1:35.798,1:35.898,1:35.908
700,51,8,6,6,2,1:35.692,1:35.381,1:36.044
701,51,13,6,5,3,1:35.792,1:35.796,1:36.221
702,51,4,1,1,4,1:35.809,1:35.845,1:36.576
703,51,14,9,14,5,1:36.930,1:36.252,1:37.619
704,51,23,7,11,6,1:37.135,1:36.709,1:38.013
705,51,17,9,15,7,1:37.199,1:36.602,1:38.153
706,51,2,2,9,8,1:36.737,1:36.217,1:38.455
707,51,9,2,10,9,1:36.309,1:36.116,1:38.472
708,51,18,11,7,10,1:37.092,1:36.771,1:39.285
709,51,24,5,18,11,1:37.047,1:36.862,NULL
710,51,15,7,12,12,1:37.209,1:36.959,NULL
711,51,5,4,4,13,1:37.225,1:36.991,NULL
712,51,19,8,23,14,1:37.203,1:37.247,NULL
713,51,3,3,16,15,1:37.144,1:37.483,NULL
714,51,22,11,8,16,1:37.251,NULL,NULL
715,51,20,5,19,17,1:37.006,1:36.891,NULL
716,51,21,4,3,18,1:37.290,NULL,NULL
717,51,25,3,17,19,1:37.456,NULL,NULL
718,51,11,8,22,20,1:38.218,NULL,NULL
719,51,16,12,20,21,1:38.668,NULL,NULL
720,51,29,12,21,22,1:39.336,NULL,NULL
721,52,13,6,5,1,1:12.303,1:12.374,1:11.931
722,52,1,1,2,2,1:13.033,1:12.296,1:12.082
723,52,8,6,6,3,1:13.016,1:12.161,1:12.322
724,52,4,1,1,4,1:12.895,1:12.637,1:12.356
725,52,17,9,15,5,1:13.081,1:12.683,1:12.928
726,52,2,2,9,6,1:13.472,1:12.888,1:13.081
727,52,9,2,10,7,1:13.085,1:12.641,1:13.129
728,52,15,7,12,8,1:13.470,1:12.832,1:13.195
729,52,14,9,14,9,1:13.264,1:12.846,1:13.272
730,52,3,3,16,10,1:13.707,1:12.752,1:13.477
731,52,22,11,8,11,1:13.661,1:12.932,NULL
732,52,21,4,3,12,1:13.482,1:12.968,NULL
733,52,20,5,19,13,1:13.853,1:13.058,NULL
734,52,24,5,18,14,1:13.607,1:13.251,NULL
735,52,23,7,11,15,1:13.767,1:13.315,NULL
736,52,18,11,7,16,1:14.054,1:13.469,NULL
737,52,5,4,4,17,1:14.078,NULL,NULL
738,52,11,8,22,18,1:14.098,NULL,NULL
739,52,6,3,17,19,1:14.417,NULL,NULL
740,52,19,8,23,20,1:14.596,NULL,NULL
741,52,16,12,20,21,1:15.217,NULL,NULL
742,52,29,12,21,22,1:15.487,NULL,NULL
743,53,30,6,5,1,1:33.310,1:32.025,1:31.431
744,53,13,6,6,2,1:33.579,1:32.014,1:31.478
745,53,18,11,12,3,1:32.603,1:32.025,1:31.549
746,53,4,4,1,4,1:32.433,1:31.215,1:31.702
747,53,31,1,4,5,1:33.233,1:31.487,1:32.164
748,53,22,11,11,6,1:33.922,1:32.322,1:32.579
749,53,17,3,9,7,1:33.454,1:32.309,1:33.006
750,53,32,9,15,8,1:34.308,1:32.106,1:33.112
751,53,21,4,2,9,1:32.934,1:31.831,1:33.496
752,53,2,2,16,10,1:33.374,1:31.958,1:33.926
753,53,35,2,17,11,1:33.882,1:32.456,NULL
754,53,3,3,10,12,1:32.945,1:32.620,NULL
755,53,14,9,14,13,1:33.678,1:32.850,NULL
756,53,15,7,8,14,1:33.987,1:33.066,NULL
757,53,24,5,20,15,1:34.439,1:33.416,NULL
758,53,26,5,21,16,1:33.995,1:34.606,NULL
759,53,23,7,7,17,1:34.702,NULL,NULL
760,53,27,13,19,18,1:35.724,NULL,NULL
761,53,33,13,18,19,1:35.900,NULL,NULL
762,53,11,8,22,20,1:37.411,NULL,NULL
763,53,34,8,23,21,1:40.270,NULL,NULL
764,53,8,1,3,22,NULL,NULL,NULL
765,54,21,4,2,1,1:35.488,1:33.623,1:33.840
766,54,18,11,12,2,1:35.023,1:33.527,1:33.986
767,54,3,3,10,3,1:35.105,1:34.563,1:34.626
768,54,30,6,5,4,1:35.810,1:34.574,1:34.668
769,54,17,3,9,5,1:35.252,1:34.279,1:34.672
770,54,31,1,4,6,1:34.536,1:34.568,1:34.916
771,54,8,1,3,7,1:34.667,1:34.351,1:34.983
772,54,4,4,1,8,1:35.514,1:33.997,1:35.747
773,54,32,9,15,9,1:35.171,1:34.537,1:38.715
774,54,23,7,7,10,1:35.214,1:34.586,NULL
775,54,14,9,14,11,1:34.839,1:34.614,NULL
776,54,22,11,11,12,1:35.526,1:34.683,NULL
777,54,15,7,8,13,1:35.517,1:34.702,NULL
778,54,35,2,17,14,1:35.391,1:34.752,NULL
779,54,2,2,16,15,1:35.588,1:34.783,NULL
780,54,13,6,6,16,1:35.091,NULL,NULL
781,54,26,5,21,17,1:36.297,NULL,NULL
782,54,24,5,20,18,1:36.581,NULL,NULL
783,54,27,13,19,19,1:37.426,NULL,NULL
784,54,33,13,18,20,1:37.819,NULL,NULL
785,54,11,8,22,21,1:39.011,NULL,NULL
786,54,34,8,23,22,1:40.720,NULL,NULL
787,55,18,11,12,1,1:28.081,1:26.337,1:25.229
788,55,21,4,2,2,1:27.765,1:26.196,1:25.635
789,55,4,4,1,3,1:28.569,1:25.729,1:25.778
790,55,8,1,3,4,1:27.193,1:26.161,1:25.822
791,55,31,1,4,5,1:27.079,1:25.902,1:25.976
792,55,23,7,7,6,1:28.007,1:26.596,1:26.612
793,55,17,3,9,7,1:27.669,1:26.075,1:26.937
794,55,2,2,16,8,1:27.796,1:26.014,1:27.579
795,55,35,2,17,9,1:28.460,1:26.714,1:29.239
796,55,15,7,8,10,1:27.748,1:26.327,NULL
797,55,30,6,5,11,1:28.228,1:26.718,NULL
798,55,14,9,14,12,1:28.408,1:27.023,NULL
799,55,24,5,20,13,1:28.999,1:27.219,NULL
800,55,32,9,15,14,1:28.757,1:27.591,NULL
801,55,3,3,10,15,1:28.351,1:29.422,NULL
802,55,13,6,6,16,1:28.868,NULL,NULL
803,55,22,11,11,17,1:29.943,NULL,NULL
804,55,27,13,19,18,1:30.226,NULL,NULL
805,55,26,5,21,19,1:30.426,NULL,NULL
806,55,33,13,18,20,1:30.709,NULL,NULL
807,55,11,8,22,21,1:32.279,NULL,NULL
808,55,34,8,23,22,1:36.164,NULL,NULL
809,56,30,6,5,1,1:24.598,1:22.579,1:22.795
810,56,18,11,12,2,1:24.480,1:23.749,1:22.988
811,56,22,11,11,3,1:24.727,1:23.760,1:23.242
812,56,13,6,6,4,1:24.884,1:23.595,1:23.702
813,56,4,4,1,5,1:23.536,1:23.743,1:23.709
814,56,23,7,7,6,1:24.370,1:23.565,1:23.772
815,56,31,1,4,7,1:24.960,1:23.760,1:24.021
816,56,8,1,3,8,1:24.259,1:23.190,1:24.158
817,56,15,7,8,9,1:24.446,1:23.727,1:24.172
818,56,17,3,9,10,1:24.992,1:23.718,1:24.795
819,56,21,4,2,11,1:24.434,1:23.771,NULL
820,56,35,2,17,12,1:25.081,1:23.887,NULL
821,56,3,3,10,13,1:24.495,1:23.966,NULL
822,56,14,9,14,14,1:24.849,1:24.101,NULL
823,56,2,2,16,15,1:25.410,1:24.129,NULL
824,56,24,5,20,16,1:24.879,1:24.520,NULL
825,56,32,9,15,17,1:25.410,NULL,NULL
826,56,26,5,21,18,1:25.437,NULL,NULL
827,56,33,13,18,19,1:26.820,NULL,NULL
828,56,27,13,19,20,1:27.088,NULL,NULL
829,56,11,8,22,21,1:27.609,NULL,NULL
830,56,34,8,23,22,1:29.282,NULL,NULL
831,57,4,4,1,1,1:31.138,1:30.336,1:29.816
832,57,30,6,5,2,1:31.235,1:30.013,1:30.028
833,57,13,6,6,3,1:31.921,1:30.732,1:30.407
834,57,22,11,11,4,1:31.671,1:30.469,1:30.754
835,57,8,1,3,5,1:31.263,1:30.203,1:30.933
836,57,18,11,12,6,1:31.420,1:30.755,1:30.940
837,57,15,7,8,7,1:31.809,1:30.733,1:31.419
838,57,35,2,17,8,1:31.545,1:30.865,1:31.542
839,57,31,1,4,9,1:31.774,1:30.671,1:31.880
840,57,17,3,9,10,1:31.712,1:30.892,1:33.405
841,57,23,7,7,11,1:31.470,1:30.944,NULL
842,57,3,3,10,12,1:32.053,1:31.194,NULL
843,57,21,4,2,13,1:31.574,1:31.197,NULL
844,57,14,9,14,14,1:31.742,1:31.227,NULL
845,57,2,2,16,15,1:31.457,1:31.422,NULL
846,57,24,5,20,16,1:32.651,1:31.728,NULL
847,57,32,9,15,17,1:32.901,NULL,NULL
848,57,27,13,19,18,1:32.936,NULL,NULL
849,57,26,5,21,19,1:32.992,NULL,NULL
850,57,33,13,18,20,1:33.658,NULL,NULL
851,57,11,8,22,21,1:35.239,NULL,NULL
852,57,36,8,23,22,1:46.505,NULL,NULL
853,58,4,4,1,1,1:15.816,1:15.124,1:14.648
854,58,21,4,2,2,1:16.046,1:14.766,1:14.709
855,58,30,6,5,3,1:16.049,1:14.637,1:14.970
856,58,13,6,6,4,1:16.359,1:15.245,1:15.442
857,58,22,11,11,5,1:16.266,1:15.258,1:15.885
858,58,23,7,7,6,1:16.234,1:15.164,1:15.885
859,58,15,7,8,7,1:16.174,1:15.068,1:15.976
860,58,18,11,12,8,1:16.054,1:15.150,1:16.008
861,58,8,1,3,9,1:16.613,1:15.422,1:16.015
862,58,2,2,16,10,1:16.322,1:15.468,1:17.144
863,58,17,3,9,11,1:16.685,1:15.502,NULL
864,58,31,1,4,12,1:16.195,1:15.801,NULL
865,58,3,3,10,13,1:17.213,1:15.804,NULL
866,58,35,2,17,14,1:16.066,1:15.847,NULL
867,58,32,9,15,15,1:16.627,1:15.928,NULL
868,58,24,5,20,16,1:17.105,1:16.661,NULL
869,58,26,5,21,17,1:17.361,NULL,NULL
870,58,33,13,18,18,1:17.702,NULL,NULL
871,58,27,13,19,19,1:18.024,NULL,NULL
872,58,11,8,22,20,1:18.920,NULL,NULL
873,58,36,8,23,21,1:20.763,NULL,NULL
874,58,14,9,14,22,NULL,NULL,NULL
875,59,4,4,1,1,1:14.232,1:13.622,1:13.962
876,59,17,3,9,2,1:14.305,1:13.728,1:14.082
877,59,8,1,3,3,1:13.887,1:13.532,1:14.140
878,59,31,1,4,4,1:14.483,1:14.295,1:14.664
879,59,22,11,11,5,1:14.766,1:14.312,1:15.804
880,59,15,7,8,6,1:14.883,1:14.211,1:15.857
881,59,14,9,14,7,1:15.090,1:13.687,1:16.426
882,59,3,3,10,8,1:14.888,1:13.909,1:16.636
883,59,21,4,2,9,1:14.614,1:13.647,1:17.260
884,59,23,7,7,10,1:14.412,1:14.398,NULL
885,59,32,9,15,11,1:14.489,1:14.747,NULL
886,59,24,5,20,12,1:15.314,1:14.969,NULL
887,59,18,11,12,13,1:15.085,1:14.982,NULL
888,59,35,2,17,14,1:15.316,1:15.052,NULL
889,59,2,2,16,15,1:15.324,1:15.137,NULL
890,59,27,13,19,16,1:15.598,NULL,NULL
891,59,33,13,18,17,1:15.993,NULL,NULL
892,59,26,5,21,18,1:16.236,NULL,NULL
893,59,11,8,22,19,1:17.276,NULL,NULL
894,59,36,8,23,20,1:17.502,NULL,NULL
895,59,13,6,6,21,NULL,NULL,NULL
896,59,30,6,5,22,NULL,NULL,NULL
897,60,4,4,1,1,1:21.018,1:20.271,1:20.253
898,60,8,1,3,2,1:21.648,1:20.497,1:20.397
899,60,30,6,5,3,1:22.096,1:20.659,1:20.574
900,60,13,6,6,4,1:21.647,1:20.846,1:20.764
901,60,21,4,2,5,1:22.411,1:20.594,1:20.919
902,60,22,11,11,6,1:22.965,1:20.929,1:20.943
903,60,23,7,7,7,1:22.886,1:21.043,1:21.073
904,60,31,1,4,8,1:22.169,1:20.816,1:21.107
905,60,2,2,16,9,1:21.670,1:20.629,1:21.329
906,60,35,2,17,10,1:21.637,1:20.672,1:21.599
907,60,14,9,14,11,1:22.424,1:21.442,NULL
908,60,3,3,10,12,1:23.083,1:21.567,NULL
909,60,24,5,20,13,1:22.685,1:21.699,NULL
910,60,32,9,15,14,1:22.773,1:21.990,NULL
911,60,26,5,21,15,1:22.541,1:22.076,NULL
912,60,33,13,18,16,1:22.860,1:22.207,NULL
913,60,17,3,9,17,1:23.129,NULL,NULL
914,60,27,13,19,18,1:23.210,NULL,NULL
915,60,18,11,12,19,1:23.247,NULL,NULL
916,60,11,8,22,20,1:26.158,NULL,NULL
917,60,36,8,23,21,1:26.316,NULL,NULL
918,60,15,7,8,22,NULL,NULL,NULL
919,61,4,4,1,1,1:15.350,1:14.726,1:14.942
920,61,21,4,2,2,1:15.917,1:15.295,1:15.178
921,61,8,1,3,3,1:15.376,1:15.273,1:15.386
922,61,15,7,8,4,1:16.455,1:15.506,1:15.968
923,61,30,6,5,5,1:15.716,1:15.139,1:15.986
924,61,3,3,10,6,1:16.404,1:15.269,1:16.012
925,61,31,1,4,7,1:16.251,1:15.253,1:16.228
926,61,18,11,12,8,1:16.594,1:15.814,1:16.608
927,61,22,11,11,9,1:16.735,1:15.601,1:16.912
928,61,13,6,6,10,1:16.259,1:15.555,1:17.209
929,61,35,2,17,11,1:16.493,1:15.832,NULL
930,61,32,9,15,12,1:16.585,1:15.833,NULL
931,61,2,2,16,13,1:15.906,1:15.885,NULL
932,61,23,7,7,14,1:16.702,1:15.888,NULL
933,61,24,5,20,15,1:16.581,1:16.116,NULL
934,61,14,9,14,16,1:16.514,1:16.301,NULL
935,61,17,3,9,17,1:16.985,NULL,NULL
936,61,26,5,21,18,1:17.016,NULL,NULL
937,61,33,13,18,19,1:17.121,NULL,NULL
938,61,27,13,19,20,1:17.140,NULL,NULL
939,61,11,8,22,21,1:19.088,NULL,NULL
940,61,36,8,23,22,1:19.152,NULL,NULL
941,62,30,6,5,1,1:11.588,1:10.636,1:10.832
942,62,13,6,6,2,1:11.088,1:11.146,1:11.435
943,62,21,4,2,3,1:12.287,1:11.200,1:11.920
944,62,22,11,11,4,1:12.156,1:11.263,1:12.109
945,62,4,4,1,5,1:12.416,1:11.877,1:12.449
946,62,35,2,17,6,1:12.114,1:11.724,1:12.479
947,62,18,11,12,7,1:12.238,1:11.865,1:12.523
948,62,23,7,7,8,1:11.879,1:11.673,1:12.795
949,62,8,1,3,9,1:12.777,1:12.135,1:13.174
950,62,2,2,16,10,1:11.891,1:11.718,1:15.280
951,62,31,1,4,11,1:12.477,1:12.150,NULL
952,62,17,3,9,12,1:12.935,1:12.292,NULL
953,62,26,5,21,13,1:13.167,1:12.792,NULL
954,62,27,13,19,14,1:12.711,1:12.854,NULL
955,62,33,13,18,15,1:12.627,1:12.864,NULL
956,62,32,9,15,16,1:12.773,1:12.925,NULL
957,62,14,9,14,17,1:13.180,NULL,NULL
958,62,11,8,22,18,1:13.496,NULL,NULL
959,62,3,3,10,19,1:13.506,NULL,NULL
960,62,15,7,8,20,1:13.787,NULL,NULL
961,62,24,5,20,21,1:14.041,NULL,NULL
962,62,36,8,23,22,1:16.036,NULL,NULL
963,63,30,6,5,1,1:15.865,1:15.111,1:15.493
964,63,13,6,6,2,1:16.277,1:15.679,1:15.510
965,63,4,4,1,3,1:16.328,1:15.706,1:15.785
966,63,15,7,8,4,1:15.550,1:15.776,1:16.036
967,63,23,7,7,5,1:15.949,1:15.625,1:16.091
968,63,8,1,3,6,1:16.154,1:15.742,1:16.281
969,63,21,4,2,7,1:16.825,1:15.901,1:16.345
970,63,37,1,4,8,1:16.679,1:15.902,1:16.632
971,63,3,3,10,9,1:16.534,1:15.926,1:18.272
972,63,14,9,14,10,1:16.350,1:15.974,1:18.663
973,63,17,3,9,11,1:16.531,1:16.129,NULL
974,63,2,2,16,12,1:16.686,1:16.294,NULL
975,63,32,9,15,13,1:16.921,1:16.433,NULL
976,63,22,11,11,14,1:17.022,1:17.027,NULL
977,63,26,5,21,15,1:17.117,1:17.063,NULL
978,63,27,13,19,16,1:16.962,1:17.105,NULL
979,63,24,5,20,17,1:17.164,NULL,NULL
980,63,35,2,17,18,1:17.304,NULL,NULL
981,63,18,11,12,19,1:17.495,NULL,NULL
982,63,33,13,18,20,1:17.589,NULL,NULL
983,63,36,8,23,21,1:18.637,NULL,NULL
984,63,11,8,22,22,1:18.845,NULL,NULL
985,64,8,1,3,1,1:15.214,1:14.410,1:14.070
986,64,30,6,5,2,1:14.904,1:13.778,1:14.205
987,64,13,6,6,3,1:14.412,1:14.094,1:14.569
988,64,18,11,12,4,1:15.869,1:14.378,1:14.862
989,64,21,4,2,5,1:15.916,1:14.540,1:14.894
990,64,22,11,11,6,1:15.757,1:14.652,1:14.934
991,64,4,4,1,7,1:15.518,1:14.746,1:15.282
992,64,23,7,7,8,1:15.789,1:14.743,1:15.923
993,64,37,1,4,9,1:15.655,1:15.021,1:15.936
994,64,14,9,14,10,1:15.836,1:14.826,1:16.326
995,64,17,3,9,11,1:15.719,1:15.094,NULL
996,64,32,9,15,12,1:15.816,1:15.141,NULL
997,64,15,7,8,13,1:15.430,1:15.150,NULL
998,64,35,2,17,14,1:16.281,1:15.329,NULL
999,64,3,3,10,15,1:16.183,1:15.380,NULL
1000,64,2,2,16,16,1:16.234,1:15.397,NULL
